alloy,Nb,Si,Ti,Al,Cr,Hf,Zr,Mo,Fe,B,V,VEC,x,Δx,ΔHmix,ΔSmix,ΔG,Tm,ΔTm,ρ,r,am,Δa,δ,Ω,λ,Mean_A1 atomic number,"Mean_A2 Periodic number start counting left bottom, left-right sequence","Mean_A3 Periodic number start counting top right, right-left sequence","Mean_A4 Periodic number start counting bottom right, right-left sequence",Mean_A6 atomic weight,Mean_E2 electronegativity (Pauling),Mean_E5 energy ionization first,Mean_E6 energy ionization second,Mean_E7 energy ionization third,Mean_energy ionization fourth,Mean_E13 Electron affinity,Mean_Electrophilicity Index,Mean_Speed of Sound,Mean_Neutron Cross Section,Mean_Neutron Mass Absorption,Mean_Space Group Number,Mean_Glawe Number,Mean_Mendeleev Number,Mean_Pettifor Number,Mean_G1 group number,Mean_G2 valence electron number,Mean_G3 valence electron number of s,Mean_G4 valence electron number of p,Mean_G5 valence electron number of d,Mean_G7 unfilled valence electron number,Mean_G8 unfilled valence electron number of s,Mean_G9 unfilled valence electron number of p,Mean_G10 unfilled valence electron number of d,Mean_C1 temperature melting,Mean_C2 temperature boiling,Mean_density,Mean_C3 enthalpy vaporization,Mean_C4 enthalpy melting,Mean_C5 enthalpy atomization,Mean_热导率W/(mk),Mean_电导率(MS/m),Mean_电阻率(mΩ),Mean_热膨胀(1/k),Mean_比热容J/g/k,Mean_摩尔热容(J/mol/k),Mean_摩尔体积(cm3/mol),Mean_莫氏硬度(MPa),Mean_M1 Mendeleev Number t-d start left,Mean_M2 Mendeleev Number t-d start right,Mean_M3 Mendeleev Number d-t start left,Mean_M4 Mendeleev Number d-t start right,Mean_M5 Mendeleev Pettifor,Mean_M6 Mendeleev Pettifor regular,Mean_M7 Mendeleev chemists sequence,Mean_M8 Mendeleev t-d start left,Mean_M9 Mendeleev t-d start right,Mean_M10 Mendeleev d-t start left,Mean_M11 Mendeleev d-t start right,"Mean_M12 Mendeleev H,Li,Na,Be,Mg as block t-d start left","Mean_M13 Mendeleev H,Be,Mg t-d start left","Mean_M14 Mendeleev H,Li,Na,Be,Mg t-d start left",Mean_covalent radius Cordero (pm),Mean_covalent radius Pyykko(Single Bond) (pm),Mean_covalent radius Pyykko(Double Bond) (pm),Mean_Pyykko(Triple Bond) (pm),Mean_S10 Lattice Constants a,Mean_S11 Lattice Constants b,Mean_S12 Lattice Constants c,Mean_S13 radii atomic (coordination number 12) (pm),Mean_metallic radius(pm),Mean_metallic radius 12 Neighbors(pm),Var_A1 atomic number,"Var_A2 Periodic number start counting left bottom, left-right sequence","Var_A3 Periodic number start counting top right, right-left sequence","Var_A4 Periodic number start counting bottom right, right-left sequence",Var_A6 atomic weight,Var_E2 electronegativity (Pauling),Var_E5 energy ionization first,Var_E6 energy ionization second,Var_E7 energy ionization third,Var_energy ionization fourth,Var_E13 Electron affinity,Var_Electrophilicity Index,Var_Speed of Sound,Var_Neutron Cross Section,Var_Neutron Mass Absorption,Var_Space Group Number,Var_Glawe Number,Var_Mendeleev Number,Var_Pettifor Number,Var_G1 group number,Var_G2 valence electron number,Var_G3 valence electron number of s,Var_G4 valence electron number of p,Var_G5 valence electron number of d,Var_G7 unfilled valence electron number,Var_G8 unfilled valence electron number of s,Var_G9 unfilled valence electron number of p,Var_G10 unfilled valence electron number of d,Var_C1 temperature melting,Var_C2 temperature boiling,Var_density,Var_C3 enthalpy vaporization,Var_C4 enthalpy melting,Var_C5 enthalpy atomization,Var_热导率W/(mk),Var_电导率(MS/m),Var_电阻率(mΩ),Var_热膨胀(1/k),Var_比热容J/g/k,Var_摩尔热容(J/mol/k),Var_摩尔体积(cm3/mol),Var_莫氏硬度(MPa),Var_M1 Mendeleev Number t-d start left,Var_M2 Mendeleev Number t-d start right,Var_M3 Mendeleev Number d-t start left,Var_M4 Mendeleev Number d-t start right,Var_M5 Mendeleev Pettifor,Var_M6 Mendeleev Pettifor regular,Var_M7 Mendeleev chemists sequence,Var_M8 Mendeleev t-d start left,Var_M9 Mendeleev t-d start right,Var_M10 Mendeleev d-t start left,Var_M11 Mendeleev d-t start right,"Var_M12 Mendeleev H,Li,Na,Be,Mg as block t-d start left","Var_M13 Mendeleev H,Be,Mg t-d start left","Var_M14 Mendeleev H,Li,Na,Be,Mg t-d start left",Var_covalent radius Cordero (pm),Var_covalent radius Pyykko(Single Bond) (pm),Var_covalent radius Pyykko(Double Bond) (pm),Var_Pyykko(Triple Bond) (pm),Var_S10 Lattice Constants a,Var_S11 Lattice Constants b,Var_S12 Lattice Constants c,Var_S13 radii atomic (coordination number 12) (pm),Var_metallic radius(pm),Var_metallic radius 12 Neighbors(pm),high temperature compression,
alloy1,51,16,21,3,7,2,0,0,0,0,0,4.62,1.6339,12.674,-32.6336,11.0904,-58.26018728,2310.7,771.31,6.499147,1.3822,356.0929,84.3656,8.2305,0.785282264,0.163717375,31.28,80.14,38.86,87.72,69.94689186,1.6339,672.957,1425.837,2642.675,4204.606,72.659,1.22224,3625.2,4.19805,0.002607,220.51,58.53,54.52,58.22,6.52,4.62,1.42,0.35,2.85,13.38,0.58,5.65,7.15,2310.7541,4201.31,6.54047,540.789,28.0065,595.2786,69.969,5.70116,0.000160176,0.000007099,0.42012,23.84994,10.762083,6.1475,31.28,38.86,56.67,58.47,22.14,21.85,48.7,37.09,63.9,66.28,49,14.05,15.11,15.61,151.86,137.45,119.16,111.14,356.2765,356.2765,396.4146,175.02,129.74,143.84,160.9416,199.7604,199.7604,160.9416,965.1755533,0.01606179,2632.368851,14047.47533,93414.02768,1804071.032,1712.971819,0.064597922,839298.96,207.8636888,3.26659E-05,210.7899,153.3091,254.2296,161.1116,12.8696,0.4356,0.2436,0.5475,2.7075,0.4356,0.2436,0.5475,2.7075,248226.2466,774231.2739,7.194064469,21566.92138,112.7554328,21036.40841,2540.753739,39.60967481,1.34344E-07,1.17805E-11,0.036531126,3.324874356,1.304990204,0.77761875,160.9416,199.7604,278.7611,59.1291,38.4004,30.9875,45.85,334.7019,405.45,134.2416,97.48,57.4675,58.8379,54.3779,407.0604,145.4475,49.3944,34.4804,7108.019855,7108.019855,7773.805045,1050.2796,49.1124,32.1144,326,"Y. Yan, H. Ding, Y. Kang, J. Song, Microstructure evolution and mechanical properties of Nb–Si based alloy processed by electromagnetic cold crucible directional solidification, Mater. Des. 55 (2014) 450-455."
alloy2,44,15,22,3,5,2,4,5,0,0,0,4.61,1.6463,18.091,-31.7024,13.2249,-62.21303779,2307.06,773.39,6.535065,1.3926,353.353,82.4275,8.4458,0.962407824,0.185400462,31.71,79.59,39.41,87.29,71.04780396,1.6463,672.794,1423.552,2627.644,4166.477,69.325,1.20405,3743.7,4.25225,0.0026504,218.78,58.14,54.05,57.81,6.41,4.61,1.46,0.33,2.82,13.39,0.54,5.67,7.18,2307.1141,4227.99,6.59298,538.925,27.5605,593.598,70.919,6.19515,0.000150187,0.000007018,0.41437,23.93105,10.871389,6.0275,31.71,39.41,56.09,58.39,21.96,21.59,48.75,37.78,63.18,66.14,48.68,13.79,14.85,15.87,152.79,137.98,119.42,111.51,353.5114,353.5114,403.0442,176.23,130.43,144.5,159.7459,195.2219,195.2219,159.7459,959.887024,0.03272731,2516.546164,15129.4783,90997.22946,1823305.909,1732.868875,0.064931548,1029085.31,207.8320862,3.25894E-05,239.6316,148.2804,245.6475,155.4739,12.4619,0.4979,0.2484,0.5211,2.7076,0.4979,0.2484,0.5211,2.7076,250303.5668,723363.4699,7.45784834,19455.80588,110.3179148,19073.41944,2798.155339,49.63541663,1.27444E-07,1.18371E-11,0.036288933,3.217063048,1.551032436,0.72361875,159.7459,195.2219,273.4019,56.9179,37.2384,30.3419,43.2875,330.8116,399.1476,130.5404,95.7376,55.7059,57.1075,54.4331,398.1859,140.3996,46.8036,34.6899,6786.93186,6786.93186,7932.973428,1018.8571,52.8051,37.71,393,"R. Ma, X. Guo, Effects of V addition on the microstructure and properties of multi-elemental Nb–Si based ultrahigh temperature alloys, J. Alloys Compd. 845 (2020) 156254."
alloy3,41,15,22,3,5,2,4,5,0,0,3,4.61,1.6472,18.075,-31.6928,14.1354,-64.06357277,2290.05,767.64,6.463919,1.3892,352.5418,82.7852,8.5045,1.021392012,0.195438685,31.17,80.13,38.87,87.83,69.78885786,1.6472,672.758,1424.572,2640.064,4190.687,68.26,1.19808,3776.1,4.36955,0.0027374,218.78,58.17,54.02,57.87,6.41,4.61,1.49,0.33,2.79,13.39,0.51,5.67,7.21,2290.1041,4186.98,6.51918,532.325,27.2815,587.073,70.229,6.14415,0.000150188,0.000007051,0.42109,23.93975,10.796281,6.0575,31.17,38.87,56.63,58.75,22.02,21.65,48.9,37,63.93,66.65,48.89,13.91,14.97,15.51,152.46,137.59,119.03,111.21,352.6894,352.6894,402.2222,175.42,130.07,144.14,159.1411,193.2131,193.2131,159.1411,956.0960752,0.03267016,2518.078036,15074.27182,90727.6161,1819670.439,1733.8114,0.065403954,1045939.79,207.5491821,3.24426E-05,239.6316,148.0011,246.0396,154.8931,12.4619,0.4979,0.2499,0.5211,2.6659,0.4979,0.2499,0.5211,2.6659,244591.9184,713027.7196,7.342141748,19002.05588,113.2591328,18630.83521,2837.311459,49.66802093,1.27444E-07,1.18909E-11,0.035741522,3.231150088,1.737996527,0.75106875,159.1411,193.2131,269.7731,60.1075,36.9996,30.1475,44.39,326.74,394.5651,136.7675,94.3579,55.0219,56.4091,54.2099,394.3084,138.2819,47.3691,34.9059,6846.774118,6846.774118,8074.247609,1004.8036,54.4251,40.8204,339,"R. Ma, X. Guo, Effects of V addition on the microstructure and properties of multi-elemental Nb–Si based ultrahigh temperature alloys, J. Alloys Compd. 845 (2020) 156254."
alloy4,39,15,22,3,5,2,4,5,0,0,5,4.61,1.6478,18.064,-31.6824,14.52,-64.7692692,2278.71,763.44,6.415937,1.3869,352.001,83.0184,8.5398,1.044329634,0.19909998,30.81,80.49,38.51,88.19,68.94956046,1.6478,672.734,1425.252,2648.344,4206.827,67.55,1.1941,3797.7,4.44775,0.0027954,218.78,58.19,54,57.91,6.41,4.61,1.51,0.33,2.77,13.39,0.49,5.67,7.23,2278.7641,4159.64,6.46998,527.925,27.0955,582.723,69.769,6.11015,0.000150189,0.000007073,0.42557,23.94555,10.746209,6.0775,30.81,38.51,56.99,58.99,22.06,21.69,49,36.48,64.43,66.99,49.03,13.99,15.05,15.27,152.24,137.33,118.77,111.01,352.1414,352.1414,401.6742,174.88,129.83,143.9,158.4139,191.5499,191.5499,158.4139,951.8077257,0.03263116,2519.097844,15036.3115,90376.47786,1816595.543,1733.1795,0.06567929,1056009.71,207.3452912,3.23363E-05,239.6316,147.8139,246.3,154.5019,12.4619,0.4979,0.2499,0.5211,2.6371,0.4979,0.2499,0.5211,2.6371,240462.6638,704268.5304,7.25895242,18651.15588,115.1334548,18288.47281,2862.886539,49.68686713,1.27443E-07,1.19256E-11,0.035326405,3.240457348,1.856371242,0.76836875,158.4139,191.5499,267.0299,62.0899,36.8364,30.0139,45.1,323.3496,390.8851,140.6299,93.3891,54.5499,55.9275,53.9171,391.6024,136.7011,47.5771,34.9499,6885.918196,6885.918196,8167.679636,994.7056,55.3611,42.75,246,"R. Ma, X. Guo, Effects of V addition on the microstructure and properties of multi-elemental Nb–Si based ultrahigh temperature alloys, J. Alloys Compd. 845 (2020) 156254."
alloy5,34,15,22,3,5,2,4,5,0,0,10,4.61,1.6493,18.036,-31.6424,15.1855,-65.81524178,2250.36,751.61,6.294001,1.3813,350.649,83.5833,8.6148,1.07996997,0.204615579,29.91,81.39,37.61,89.09,66.85131696,1.6493,672.674,1426.952,2669.044,4247.177,65.775,1.18415,3851.7,4.64325,0.0029404,218.78,58.24,53.95,58.01,6.41,4.61,1.56,0.33,2.72,13.39,0.44,5.67,7.28,2250.4141,4091.29,6.34698,516.925,26.6305,571.848,68.619,6.02515,0.000150192,0.000007128,0.43677,23.96005,10.621029,6.1275,29.91,37.61,57.89,59.59,22.16,21.79,49.25,35.18,65.68,67.84,49.38,14.19,15.25,14.67,151.69,136.68,118.12,110.51,350.7714,350.7714,400.3042,173.53,129.23,143.3,155.4619,186.2579,186.2579,155.4619,934.9231758,0.03253051,2521.642324,14937.3647,88898.74626,1806628.931,1727.188875,0.066229028,1077102.11,206.7820557,3.20411E-05,239.6316,147.3424,246.9475,153.5099,12.4619,0.4979,0.2464,0.5211,2.5616,0.4979,0.2464,0.5211,2.5616,229014.3157,675830.1459,7.0297985,17604.50588,119.5165448,17266.99494,2924.972739,49.72386763,1.27443E-07,1.2008E-11,0.034112997,3.263431148,2.130369982,0.80811875,155.4619,186.2579,259.0379,66.5419,36.4144,29.6659,46.7875,312.5076,379.4976,149.2744,90.7956,53.3139,54.6675,52.6811,384.4139,132.1576,47.5056,34.7099,6981.150732,6981.150732,8398.632044,966.9091,57.1971,47.07,190,"R. Ma, X. Guo, Effects of V addition on the microstructure and properties of multi-elemental Nb–Si based ultrahigh temperature alloys, J. Alloys Compd. 845 (2020) 156254."
alloy6,48,15,22,3,5,2,2,0,0,0,3,4.58,1.6246,13.098,-31.2824,12.3599,-59.65071888,2295.19,763.48,6.445798,1.389,353.4456,82.4572,8.2464,0.906845986,0.181754915,31.14,80.1,38.9,87.86,69.67032376,1.6246,671.388,1417.772,2633.924,4198.427,69.87,1.20572,3634.2,4.31637,0.0027072,219.48,58.1,53.9,57.78,6.38,4.58,1.47,0.33,2.78,13.42,0.53,5.67,7.22,2295.2441,4198.93,6.47486,539.085,27.3735,593.234,66.584,5.56515,0.000150188,0.000007208,0.42153,23.95155,10.808231,6.1025,31.14,38.9,56.66,58.72,21.91,21.64,48.87,36.97,63.96,66.68,48.86,13.88,14.94,15.48,152.74,137.9,119.19,111.26,353.6184,353.6184,399.3212,175.66,130.05,144.21,158.4804,193.81,193.81,158.4804,950.0818063,0.01715484,2518.082056,13772.21102,90617.14242,1809019.316,1738.0821,0.064861022,740584.36,207.7649972,3.2569E-05,228.9496,147.95,246.35,155.3116,12.4756,0.4036,0.2491,0.5211,2.5116,0.4036,0.2491,0.5211,2.5116,240489.7486,729926.6451,6.92739818,20292.54428,111.9348728,19814.46176,2561.497344,39.47480563,1.27444E-07,1.15807E-11,0.035590789,3.220460748,1.424392059,0.71136875,158.4804,193.81,268.9444,60.1416,37.1219,30.0704,44.2531,325.7091,393.5384,136.5376,94.7004,55.2456,56.6364,53.7496,393.2724,138.99,48.3739,34.4324,6791.136071,6791.136071,7790.889913,1011.1044,51.0475,34.7059,196,"R. Ma, X. Guo, Influence of molybdenum contents on the microstructure, mechanical properties and oxidation behavior of multi-elemental Nb–Si based ultrahigh temperature alloys, Intermetallics 129 (2021) 107053."
alloy7,46,15,22,3,5,2,2,2,0,0,3,4.6,1.6358,15.083,-31.324,13.0512,-61.31709323,2298.11,766.6,6.469473,1.3877,353.1388,82.5722,8.2479,0.957511596,0.191850825,31.16,80.12,38.88,87.84,69.73119636,1.6358,672.032,1421.372,2637.964,4198.427,69.586,1.20472,3688.4,4.34537,0.0027172,219.48,58.16,53.98,57.84,6.4,4.6,1.47,0.33,2.8,13.4,0.53,5.67,7.2,2298.1641,4196.83,6.50906,537.285,27.3975,591.7536,68.29,5.83115,0.000150186,0.000007158,0.42125,23.94075,10.778091,6.0925,31.16,38.88,56.64,58.74,21.97,21.66,48.89,36.99,63.94,66.66,48.88,13.9,14.96,15.5,152.54,137.72,119.11,111.2,353.3044,353.3044,399.0072,175.5,129.97,144.07,158.8944,193.3856,193.3856,158.8944,953.0922516,0.02275036,2513.561176,14135.29262,89656.0749,1809019.316,1732.815604,0.064799462,867813.44,207.6225568,3.25277E-05,228.9496,147.5144,245.7196,154.7944,12.44,0.44,0.2491,0.5211,2.58,0.44,0.2491,0.5211,2.58,243563.3167,726706.8411,7.128018116,19944.01028,111.9355688,19508.03022,2660.1485,43.54558983,1.27444E-07,1.1694E-11,0.035682288,3.212169588,1.466929304,0.71831875,158.8944,193.3856,269.4704,60.0924,36.9491,29.9844,44.3179,326.3699,394.1964,136.6644,94.4456,55.07,56.4584,54.03,390.7284,137.3016,47.7579,34.04,6810.548431,6810.548431,7839.00363,1005.21,50.7291,35.1651,261,"R. Ma, X. Guo, Influence of molybdenum contents on the microstructure, mechanical properties and oxidation behavior of multi-elemental Nb–Si based ultrahigh temperature alloys, Intermetallics 129 (2021) 107053."
alloy8,43,15,22,3,5,2,2,5,0,0,3,4.63,1.6526,17.514,-31.3504,13.6934,-62.87931657,2302.49,771.22,6.505234,1.3857,352.6786,82.7422,8.2481,1.005694236,0.201281314,31.19,80.15,38.85,87.81,69.82250526,1.6526,672.998,1426.772,2644.024,4198.427,69.16,1.20322,3769.7,4.38887,0.0027322,219.48,58.25,54.1,57.93,6.43,4.63,1.47,0.33,2.83,13.37,0.53,5.67,7.17,2302.5441,4193.68,6.56036,534.585,27.4335,589.533,70.849,6.23015,0.000150183,0.000007083,0.42083,23.92455,10.732881,6.0775,31.19,38.85,56.61,58.77,22.06,21.69,48.92,37.02,63.91,66.63,48.91,13.93,14.99,15.53,152.24,137.45,118.99,111.11,352.8334,352.8334,398.5362,175.26,129.85,143.86,159.5139,192.7475,192.7475,159.5139,957.594024,0.03067324,2505.224596,14631.31502,88153.26762,1809019.316,1724.6134,0.064703372,1047640.91,207.4057423,3.24655E-05,228.9496,146.8475,244.75,154.0051,12.3851,0.4931,0.2491,0.5211,2.6811,0.4931,0.2491,0.5211,2.6811,248141.6948,721860.5976,7.42456187,19409.05928,111.9344528,19040.16445,2797.211099,49.38643113,1.27445E-07,1.18546E-11,0.035819241,3.199295448,1.527328598,0.72836875,159.5139,192.7475,270.2579,60.0171,36.6764,29.8539,44.4136,327.3596,395.1819,136.8531,94.0619,54.8051,56.1899,54.4491,386.7624,134.6475,46.8099,33.4379,6839.297234,6839.297234,7910.804472,996.2724,50.2275,35.7804,337,"R. Ma, X. Guo, Influence of molybdenum contents on the microstructure, mechanical properties and oxidation behavior of multi-elemental Nb–Si based ultrahigh temperature alloys, Intermetallics 129 (2021) 107053."
alloy9,38,15,22,3,5,2,2,10,0,0,3,4.68,1.6806,20.645,-31.2984,14.4022,-64.56445754,2309.79,778.74,6.565511,1.3824,351.9116,83.0192,8.2428,1.062867672,0.211972398,31.24,80.2,38.8,87.76,69.97468676,1.6806,674.608,1435.772,2654.124,4198.427,68.45,1.20072,3905.2,4.46137,0.0027572,219.48,58.4,54.3,58.08,6.48,4.68,1.47,0.33,2.88,13.32,0.53,5.67,7.12,2309.8441,4188.43,6.64586,530.085,27.4935,585.832,75.114,6.89515,0.000150178,0.000006958,0.42013,23.89755,10.657531,6.0525,31.24,38.8,56.56,58.82,22.21,21.74,48.97,37.07,63.86,66.58,48.96,13.98,15.04,15.58,151.74,137,118.79,110.96,352.0484,352.0484,397.7512,174.86,129.65,143.51,160.5424,191.68,191.68,160.5424,965.0599233,0.04262364,2487.182936,15328.41902,85485.37282,1809019.316,1710.1365,0.064533222,1317976.96,207.0359749,3.23608E-05,228.9496,145.7,243.07,152.6536,12.2896,0.5776,0.2491,0.5211,2.8456,0.5776,0.2491,0.5211,2.8456,255687.0609,713739.4251,7.90710506,18485.07428,111.9268328,18238.47234,2996.544404,58.41360663,1.27447E-07,1.20972E-11,0.036046713,3.176672148,1.618909892,0.74411875,160.5424,191.68,271.5664,59.8876,36.1859,29.6324,44.5691,329.0051,396.8204,137.1636,93.4184,54.3596,55.7384,55.1436,379.7524,129.9,45.1659,32.3984,6886.225947,6886.225947,8029.486581,981.1204,49.3275,36.6099,378,"R. Ma, X. Guo, Influence of molybdenum contents on the microstructure, mechanical properties and oxidation behavior of multi-elemental Nb–Si based ultrahigh temperature alloys, Intermetallics 129 (2021) 107053."
alloy10,53,15,22,3,5,2,0,0,0,0,0,4.6,1.6291,12.421,-30.97,10.7033,-55.85131931,2324.64,772.12,6.558283,1.3889,354.3936,82.043,7.9278,0.803400688,0.17029909,31.7,79.58,39.42,87.3,70.96291726,1.6291,671.664,1418.952,2625.464,4181.957,71.835,1.21683,3595.4,4.21839,0.002615,220.18,58.15,54.01,57.78,6.4,4.6,1.42,0.33,2.85,13.4,0.58,5.67,7.15,2324.6941,4246.64,6.58984,547.945,27.8045,602.219,67.894,5.70215,0.000150181,0.000007207,0.41455,23.92765,10.819939,6.0925,31.7,39.42,56.1,58.38,21.89,21.62,48.74,37.77,63.19,66.15,48.67,13.78,14.84,15.86,152.85,138.15,119.54,111.46,354.5844,354.5844,396.4572,176.31,130.19,144.29,159.47,195.3436,195.3436,159.47,955.5924162,0.01542819,2504.435704,13404.9967,88306.8849,1802633.391,1719.697275,0.063456901,714004.84,207.8985729,3.27323E-05,217.2876,147.0875,244.6899,155.0116,12.4,0.4,0.2436,0.5211,2.5675,0.4,0.2436,0.5211,2.5675,249025.2187,747405.4704,7.129638554,21003.67848,107.5048548,20523.55906,2490.935164,39.31048553,1.27446E-07,1.14931E-11,0.036218568,3.174818628,1.036003912,0.66331875,159.47,195.3436,273.07,56.8556,37.0379,29.9756,43.1724,330.4171,398.7539,130.4075,95.7811,55.7116,57.1144,54.2204,389.6875,137.4275,47.1684,32.7884,6721.785367,6721.785367,7475.61545,1016.5739,45.3939,26.7459,273,"R. Ma, X. Guo, Cooperative effects of Mo, V and Zr additions on the microstructure and properties of multi-elemental Nb-Si based alloys, J. Mater. Sci. Technol. 132 (2023) 27-41."
alloy11,48,15,22,3,5,2,0,5,0,0,0,4.65,1.6571,16.939,-31.064,12.0802,-59.23430159,2331.94,779.3,6.618444,1.3856,353.6266,82.3382,7.9278,0.906847205,0.192206802,31.75,79.63,39.37,87.25,71.11509876,1.6571,673.274,1427.952,2635.564,4181.957,71.125,1.21433,3730.9,4.29089,0.00264,220.18,58.3,54.21,57.93,6.45,4.65,1.42,0.33,2.9,13.35,0.58,5.67,7.1,2331.9941,4241.39,6.67534,543.445,27.8645,598.518,72.159,6.36715,0.000150176,0.000007082,0.41385,23.90065,10.744589,6.0675,31.75,39.37,56.05,58.43,22.04,21.67,48.79,37.82,63.14,66.1,48.72,13.83,14.89,15.91,152.35,137.7,119.34,111.31,353.7994,353.7994,395.6722,175.91,129.99,143.94,160.4475,194.3331,194.3331,160.4475,962.7112163,0.02869459,2490.689524,14242.8607,86013.9021,1802633.391,1709.018875,0.063354801,1031576.19,207.5535251,3.26334E-05,217.2876,145.97,243.0459,153.7051,12.3075,0.4875,0.2436,0.5211,2.73,0.4875,0.2436,0.5211,2.73,256247.1948,739840.3779,7.607140664,20199.93348,107.4527148,19815.76872,2715.474619,49.03990103,1.27447E-07,1.17667E-11,0.036437248,3.152362728,1.140704846,0.67981875,160.4475,194.3331,274.3275,56.7651,36.5984,29.7611,43.3459,331.9876,400.3204,130.67,95.1616,55.2811,56.6779,54.8819,383.2875,133.31,45.7444,31.8539,6771.46315,6771.46315,7591.033529,1002.2619,44.6299,27.8764,361,"R. Ma, X. Guo, Cooperative effects of Mo, V and Zr additions on the microstructure and properties of multi-elemental Nb-Si based alloys, J. Mater. Sci. Technol. 132 (2023) 27-41."
alloy12,50,15,22,3,5,2,0,0,0,0,3,4.6,1.63,12.41,-30.9688,11.6618,-57.87991953,2307.63,766.96,6.48696,1.3855,353.5824,82.4126,7.9799,0.868975212,0.183134721,31.16,80.12,38.88,87.84,69.70397116,1.63,671.628,1419.972,2637.884,4206.167,70.77,1.21086,3627.8,4.33569,0.002702,220.18,58.18,53.98,57.84,6.4,4.6,1.45,0.33,2.82,13.4,0.55,5.67,7.18,2307.6841,4205.63,6.51604,541.345,27.5255,595.694,67.204,5.65115,0.000150182,0.00000724,0.42127,23.93635,10.744831,6.1225,31.16,38.88,56.64,58.74,21.95,21.68,48.89,36.99,63.94,66.66,48.88,13.9,14.96,15.5,152.52,137.76,119.15,111.16,353.7624,353.7624,395.6352,175.5,129.83,143.93,158.8544,193.3456,193.3456,158.8544,951.5877319,0.015402,2505.886216,13359.17422,88091.42274,1798248.379,1725.9861,0.0640819,740469.16,207.6236123,3.25916E-05,217.2876,146.8076,245.0796,154.4344,12.4,0.4,0.2475,0.5211,2.5276,0.4,0.2475,0.5211,2.5276,243911.6418,738599.3931,7.013468498,20668.99248,110.5822248,20193.47888,2525.916784,39.29280383,1.27445E-07,1.15344E-11,0.035668737,3.188964828,1.21523939,0.68686875,158.8544,193.3456,269.4304,60.0524,36.8075,29.7776,44.2779,326.3299,394.1564,136.6244,94.4056,55.03,56.4184,53.99,385.8496,135.4424,47.8275,32.9744,6783.391636,6783.391636,7606.060603,1002.65,46.8411,29.7051,239,"R. Ma, X. Guo, Cooperative effects of Mo, V and Zr additions on the microstructure and properties of multi-elemental Nb-Si based alloys, J. Mater. Sci. Technol. 132 (2023) 27-41."
alloy13,49,15,22,3,5,2,4,0,0,0,0,4.56,1.6183,13.732,-31.5764,11.8823,-58.90283825,2299.76,765.75,6.476175,1.3959,354.12,82.1351,8.4294,0.865407021,0.167227304,31.66,79.54,39.46,87.34,70.89562246,1.6183,671.184,1414.552,2617.544,4166.477,70.035,1.20655,3608.2,4.17975,0.0026254,218.78,57.99,53.85,57.66,6.36,4.56,1.46,0.33,2.77,13.44,0.54,5.67,7.23,2299.8141,4233.24,6.50748,543.425,27.5005,597.299,66.654,5.53015,0.000150192,0.000007143,0.41507,23.95805,10.946739,6.0525,31.66,39.46,56.14,58.34,21.81,21.54,48.7,37.73,63.23,66.19,48.63,13.74,14.8,15.82,153.29,138.43,119.62,111.66,354.2964,354.2964,403.8292,176.63,130.63,144.85,158.7644,196.2284,196.2284,158.7644,952.7477419,0.01885611,2528.746744,14212.4143,93130.22826,1823305.909,1746.103275,0.065085048,714982.76,208.1715312,3.26888E-05,239.6316,149.3499,247.2275,156.7444,12.5504,0.4064,0.2484,0.5211,2.5371,0.4064,0.2484,0.5211,2.5371,242718.3427,731069.2624,6.96626267,20300.23088,110.3335748,19817.62762,2563.038684,39.67724113,1.27443E-07,1.15795E-11,0.036069525,3.237877348,1.427222741,0.70911875,158.7644,196.2284,272.1404,57.0044,37.6539,30.5484,43.11,329.2371,397.5771,130.2739,96.3531,56.1324,57.54,53.7676,404.1459,144.2651,48.1956,35.5644,6737.706237,6737.706237,7805.981309,1032.9131,53.3931,36.1875,296,"R. Ma, X. Guo, Cooperative effects of Mo, V and Zr additions on the microstructure and properties of multi-elemental Nb-Si based alloys, J. Mater. Sci. Technol. 132 (2023) 27-41."
alloy14,45,15,22,3,5,2,0,5,0,0,3,4.65,1.658,16.917,-31.0208,133.0132,-338.9370471,2314.93,774.47,6.54704,1.3822,352.8154,82.699,7.9728,9.926122056,2.092536307,31.21,80.17,38.83,87.79,69.85615266,1.658,673.238,1428.972,2647.984,4206.167,70.06,1.20836,3763.3,4.40819,0.002727,220.18,58.33,54.18,57.99,6.45,4.65,1.45,0.33,2.87,13.35,0.55,5.67,7.13,2314.9841,4200.38,6.60154,536.845,27.5855,591.993,71.469,6.31615,0.000150177,0.000007115,0.42057,23.90935,10.669481,6.0975,31.21,38.83,56.59,58.79,22.1,21.73,48.94,37.04,63.89,66.61,48.93,13.95,15.01,15.55,152.02,137.31,118.95,111.01,352.9774,352.9774,394.8502,175.1,129.63,143.58,159.8859,192.2811,192.2811,159.8859,959.0897086,0.028618,2492.255956,14178.67822,85547.55594,1798248.379,1713.7954,0.06394995,1049260.11,207.261556,3.24884E-05,217.2876,145.6811,243.4476,153.1099,12.3075,0.4875,0.2475,0.5211,2.6931,0.4875,0.2475,0.5211,2.6931,251381.964,730603.6956,7.503590408,19805.84748,110.5635648,19437.39049,2756.341939,49.09004933,1.27447E-07,1.18163E-11,0.035896825,3.166978728,1.308621549,0.70486875,159.8859,192.2811,270.7419,59.9259,36.35,29.5571,44.4364,327.9784,395.7979,136.9379,93.7651,54.5875,55.9699,54.6875,379.1196,130.9739,46.2475,31.9499,6831.778879,6831.778879,7720.188142,987.69,45.9331,30.5836,266,"R. Ma, X. Guo, Cooperative effects of Mo, V and Zr additions on the microstructure and properties of multi-elemental Nb-Si based alloys, J. Mater. Sci. Technol. 132 (2023) 27-41."
alloy15,44,15,22,3,5,2,4,5,0,0,0,4.61,1.6463,18.091,-31.7024,13.2249,-62.21303779,2307.06,773.39,6.535065,1.3926,353.353,82.4275,8.4458,0.962407824,0.185400462,31.71,79.59,39.41,87.29,71.04780396,1.6463,672.794,1423.552,2627.644,4166.477,69.325,1.20405,3743.7,4.25225,0.0026504,218.78,58.14,54.05,57.81,6.41,4.61,1.46,0.33,2.82,13.39,0.54,5.67,7.18,2307.1141,4227.99,6.59298,538.925,27.5605,593.598,70.919,6.19515,0.000150187,0.000007018,0.41437,23.93105,10.871389,6.0275,31.71,39.41,56.09,58.39,21.96,21.59,48.75,37.78,63.18,66.14,48.68,13.79,14.85,15.87,152.79,137.98,119.42,111.51,353.5114,353.5114,403.0442,176.23,130.43,144.5,159.7459,195.2219,195.2219,159.7459,959.887024,0.03272731,2516.546164,15129.4783,90997.22946,1823305.909,1732.868875,0.064931548,1029085.31,207.8320862,3.25894E-05,239.6316,148.2804,245.6475,155.4739,12.4619,0.4979,0.2484,0.5211,2.7076,0.4979,0.2484,0.5211,2.7076,250303.5668,723363.4699,7.45784834,19455.80588,110.3179148,19073.41944,2798.155339,49.63541663,1.27444E-07,1.18371E-11,0.036288933,3.217063048,1.551032436,0.72361875,159.7459,195.2219,273.4019,56.9179,37.2384,30.3419,43.2875,330.8116,399.1476,130.5404,95.7376,55.7059,57.1075,54.4331,398.1859,140.3996,46.8036,34.6899,6786.93186,6786.93186,7932.973428,1018.8571,52.8051,37.71,393,"R. Ma, X. Guo, Cooperative effects of Mo, V and Zr additions on the microstructure and properties of multi-elemental Nb-Si based alloys, J. Mater. Sci. Technol. 132 (2023) 27-41."
alloy16,46,15,22,3,5,2,4,0,0,0,3,4.56,1.6192,13.729,-31.6088,12.8206,-60.87502465,2282.75,759.65,6.405116,1.3925,353.3088,82.5016,8.4947,0.925888507,0.177669246,31.12,80.08,38.92,87.88,69.63667636,1.6192,671.148,1415.572,2629.964,4190.687,68.97,1.20058,3640.6,4.29705,0.0027124,218.78,58.02,53.82,57.72,6.36,4.56,1.49,0.33,2.74,13.44,0.51,5.67,7.26,2282.8041,4192.23,6.43368,536.825,27.2215,590.774,65.964,5.47915,0.000150193,0.000007176,0.42179,23.96675,10.871631,6.0825,31.12,38.92,56.68,58.7,21.87,21.6,48.85,36.95,63.98,66.7,48.84,13.86,14.92,15.46,152.96,138.04,119.23,111.36,353.4744,353.4744,403.0072,175.82,130.27,144.49,158.1056,194.2736,194.2736,158.1056,948.5736164,0.01884936,2530.162696,14175.56782,93111.4989,1819670.439,1748.5581,0.065587304,740617.64,207.9056356,3.25463E-05,239.6316,149.0796,247.6076,156.1816,12.5504,0.4064,0.2499,0.5211,2.4924,0.4064,0.2499,0.5211,2.4924,236758.3483,721164.1171,6.837936278,19905.88088,113.2413128,19423.34144,2596.309104,39.64201543,1.27442E-07,1.1625E-11,0.035512706,3.251494588,1.625505608,0.73506875,158.1056,194.2736,268.4576,60.23,37.4331,30.36,44.2275,325.0875,392.9196,136.45,94.9944,55.4604,56.8536,53.5084,400.5984,142.4984,48.9171,35.8704,6798.839035,6798.839035,7948.54603,1019.5076,55.1571,39.5499,338,"R. Ma, X. Guo, Cooperative effects of Mo, V and Zr additions on the microstructure and properties of multi-elemental Nb-Si based alloys, J. Mater. Sci. Technol. 132 (2023) 27-41."
alloy17,41,15,22,3,5,2,4,5,0,0,3,4.61,1.6472,18.075,-31.6928,14.1354,-64.06357277,2290.05,767.64,6.463919,1.3892,352.5418,82.7852,8.5045,1.021392012,0.195438685,31.17,80.13,38.87,87.83,69.78885786,1.6472,672.758,1424.572,2640.064,4190.687,68.26,1.19808,3776.1,4.36955,0.0027374,218.78,58.17,54.02,57.87,6.41,4.61,1.49,0.33,2.79,13.39,0.51,5.67,7.21,2290.1041,4186.98,6.51918,532.325,27.2815,587.073,70.229,6.14415,0.000150188,0.000007051,0.42109,23.93975,10.796281,6.0575,31.17,38.87,56.63,58.75,22.02,21.65,48.9,37,63.93,66.65,48.89,13.91,14.97,15.51,152.46,137.59,119.03,111.21,352.6894,352.6894,402.2222,175.42,130.07,144.14,159.1411,193.2131,193.2131,159.1411,956.0960752,0.03267016,2518.078036,15074.27182,90727.6161,1819670.439,1733.8114,0.065403954,1045939.79,207.5491821,3.24426E-05,239.6316,148.0011,246.0396,154.8931,12.4619,0.4979,0.2499,0.5211,2.6659,0.4979,0.2499,0.5211,2.6659,244591.9184,713027.7196,7.342141748,19002.05588,113.2591328,18630.83521,2837.311459,49.66802093,1.27444E-07,1.18909E-11,0.035741522,3.231150088,1.737996527,0.75106875,159.1411,193.2131,269.7731,60.1075,36.9996,30.1475,44.39,326.74,394.5651,136.7675,94.3579,55.0219,56.4091,54.2099,394.3084,138.2819,47.3691,34.9059,6846.774118,6846.774118,8074.247609,1004.8036,54.4251,40.8204,339,"R. Ma, X. Guo, Cooperative effects of Mo, V and Zr additions on the microstructure and properties of multi-elemental Nb-Si based alloys, J. Mater. Sci. Technol. 132 (2023) 27-41."
alloy18,52,15,22,3,5,3,0,0,0,0,0,4.59,1.6261,12.843,-31.0628,10.957,-56.5060497,2322.1,770.59,6.621655,1.3904,354.2896,82.0803,8.0293,0.819090671,0.169955918,32.01,79.39,39.61,86.99,71.81875356,1.6261,671.728,1419.552,2623.804,4177.117,70.974,1.2128,3590.7,5.24689,0.002811,219.83,58.12,53.98,57.76,6.39,4.59,1.43,0.33,2.83,13.41,0.57,5.67,7.17,2322.2541,4245.23,6.63724,546.895,27.7875,601.073,67.587,5.66815,0.000150182,0.000007193,0.41334,23.93895,10.845631,6.0875,32.01,39.61,55.87,58.09,22.04,21.77,48.8,37.83,62.9,65.63,49.09,13.93,15.02,15.95,152.96,138.2,119.57,111.52,354.4768,354.4768,398.2043,176.41,130.29,144.42,174.7499,202.9379,202.9379,174.7499,1065.665545,0.01649379,2502.337016,13393.8943,89275.10978,1809617.869,1768.523724,0.06470874,717276.51,306.3103074,3.56672E-05,223.2411,147.4856,245.1396,155.2824,12.4379,0.4019,0.2451,0.5211,2.5611,0.4019,0.2451,0.5211,2.5611,247539.1323,745429.8771,7.539786962,20835.51048,107.5676188,20353.82729,2508.980931,39.35707573,1.27445E-07,1.15099E-11,0.036725424,3.202655048,1.102433918,0.66671875,174.7499,202.9379,283.8731,65.9819,38.3984,31.4171,43.68,332.6011,415.89,159.4131,107.6419,56.5051,58.5796,56.1275,393.3384,138.56,47.5851,33.6896,6728.136048,6728.136048,7546.981865,1021.9019,47.1459,28.8636,195,"Y. Qiao, X. Guo, Y. Zeng, Study of the effects of Zr addition on the microstructure and properties of Nb-Ti-Si based ultrahigh temperature alloys, Intermetallics 88 (2017) 19-27."
alloy19,51,15,22,3,5,3,1,0,0,0,0,4.58,1.6234,13.174,-31.2128,11.3678,-57.53926066,2315.88,769.08,6.600812,1.3922,354.2212,82.1034,8.1577,0.843450785,0.170820884,32,79.38,39.62,87,71.80192986,1.6234,671.608,1418.452,2621.824,4173.247,70.524,1.21023,3593.9,5.23723,0.0028136,219.48,58.08,53.94,57.73,6.38,4.58,1.44,0.33,2.81,13.42,0.56,5.67,7.19,2316.0341,4241.88,6.61665,545.765,27.7115,599.843,67.277,5.62515,0.000150185,0.000007177,0.41347,23.94655,10.877331,6.0775,32,39.62,55.88,58.08,22.02,21.75,48.79,37.82,62.91,65.64,49.08,13.92,15.01,15.94,153.07,138.27,119.59,111.57,354.4048,354.4048,400.0473,176.49,130.4,144.56,174.58,203.1556,203.1556,174.58,1064.984022,0.01735644,2508.473336,13600.6987,90486.13322,1814793.468,1774.957824,0.065114877,717581.79,306.3986976,3.56553E-05,228.9496,148.0536,245.7764,155.7171,12.4756,0.4036,0.2464,0.5211,2.5539,0.4036,0.2464,0.5211,2.5539,246048.1249,741370.0456,7.502166768,20661.10628,108.2895428,20179.06397,2527.104771,39.45138763,1.27445E-07,1.15318E-11,0.036688529,3.218421248,1.201624422,0.67836875,174.58,203.1556,283.6456,66.0136,38.5596,31.5675,43.6659,332.3076,415.6019,159.3904,107.7936,56.6136,58.6899,56.0164,396.9651,140.2771,47.8419,34.3851,6732.116323,6732.116323,7633.323466,1025.9899,49.16,31.2464,293.08,"Y. Qiao, X. Guo, Y. Zeng, Study of the effects of Zr addition on the microstructure and properties of Nb-Ti-Si based ultrahigh temperature alloys, Intermetallics 88 (2017) 19-27."
alloy20,50,15,22,3,5,3,2,0,0,0,0,4.57,1.6207,13.492,-31.366,11.6618,-58.30079299,2309.66,767.5,6.580091,1.3939,354.1528,82.1263,8.2816,0.858725786,0.170034516,31.99,79.37,39.63,87.01,71.78510616,1.6207,671.488,1417.352,2619.844,4169.377,70.074,1.20766,3597.1,5.22757,0.0028162,219.13,58.04,53.9,57.7,6.37,4.57,1.45,0.33,2.79,13.43,0.55,5.67,7.21,2309.8141,4238.53,6.59606,544.635,27.6355,598.613,66.967,5.58215,0.000150188,0.000007161,0.4136,23.95415,10.909031,6.0675,31.99,39.63,55.89,58.07,22,21.73,48.78,37.81,62.92,65.65,49.07,13.91,15,15.93,153.18,138.34,119.61,111.62,354.3328,354.3328,401.8903,176.57,130.51,144.7,174.4099,203.3731,203.3731,174.4099,1064.301933,0.01820451,2514.580856,13805.0831,91689.31586,1819939.113,1780.986924,0.065507804,717866.59,306.4869011,3.56434E-05,234.4131,148.6184,246.41,156.15,12.5131,0.4051,0.2475,0.5211,2.5459,0.4051,0.2475,0.5211,2.5459,244479.7407,737287.7691,7.463698676,20484.14828,108.9999148,20001.27485,2545.036411,39.54200153,1.27444E-07,1.15532E-11,0.0366516,3.234071928,1.298805147,0.68981875,174.4099,203.3731,283.4179,66.0451,38.72,31.7171,43.6516,332.0139,415.3136,159.3675,107.9451,56.7219,58.8,55.9051,400.5676,141.9844,48.0979,35.0756,6736.08623,6736.08623,7712.871769,1030.0651,51.1499,33.59,280,"Y. Qiao, X. Guo, Y. Zeng, Study of the effects of Zr addition on the microstructure and properties of Nb-Ti-Si based ultrahigh temperature alloys, Intermetallics 88 (2017) 19-27."
alloy21,48,15,22,3,5,3,4,0,0,0,0,4.55,1.6153,14.091,-31.68,12.1294,-59.54390027,2297.22,764.07,6.539007,1.3974,354.016,82.1721,8.5167,0.879542306,0.167223234,31.97,79.35,39.65,87.03,71.75145876,1.6153,671.248,1415.152,2615.884,4161.637,69.174,1.20252,3603.5,5.20825,0.0028214,218.43,57.96,53.82,57.64,6.35,4.55,1.47,0.33,2.75,13.45,0.53,5.67,7.25,2297.3741,4231.83,6.55488,542.375,27.4835,596.153,66.347,5.49615,0.000150193,0.000007129,0.41386,23.96935,10.972431,6.0475,31.97,39.65,55.91,58.05,21.96,21.69,48.76,37.79,62.94,65.67,49.05,13.89,14.98,15.91,153.4,138.48,119.65,111.72,354.1888,354.1888,405.5763,176.73,130.73,144.98,174.0691,203.8075,203.8075,174.0691,1062.936057,0.01985691,2526.709496,14206.5919,94072.15874,1830140.541,1791.830124,0.06625403,718374.75,306.6627482,3.56196E-05,244.6051,149.7384,247.6676,157.0104,12.5875,0.4075,0.2491,0.5211,2.5275,0.4075,0.2491,0.5211,2.5275,241110.8419,729055.8811,7.384218806,20122.57088,110.3860028,19636.61921,2580.323091,39.71213533,1.27442E-07,1.15945E-11,0.03657764,3.265026728,1.487137256,0.71211875,174.0691,203.8075,282.9619,66.1075,39.0384,32.0139,43.6224,331.4259,414.7364,159.3211,108.2475,56.9379,59.0196,55.6819,407.7,145.3696,48.6075,36.4416,6743.994941,6743.994941,7851.588481,1038.1771,55.0571,38.1596,284,"Y. Qiao, X. Guo, Y. Zeng, Study of the effects of Zr addition on the microstructure and properties of Nb-Ti-Si based ultrahigh temperature alloys, Intermetallics 88 (2017) 19-27."
alloy22,44,15,22,3,5,3,8,0,0,0,0,4.51,1.6045,15.161,-32.3524,12.8131,-61.46811965,2272.34,756.18,6.458247,1.4043,353.7424,82.2628,8.9411,0.899955479,0.160277408,31.93,79.31,39.69,87.07,71.68416396,1.6045,670.768,1410.752,2607.964,4146.157,67.374,1.19224,3616.3,5.16961,0.0028318,217.03,57.8,53.66,57.52,6.31,4.51,1.51,0.33,2.67,13.49,0.49,5.67,7.33,2272.4941,4218.43,6.47252,537.855,27.1795,591.233,65.107,5.32415,0.000150204,0.000007065,0.41438,23.99975,11.099231,6.0075,31.93,39.69,55.95,58.01,21.88,21.61,48.72,37.75,62.98,65.71,49.01,13.85,14.94,15.87,153.84,138.76,119.73,111.92,353.9008,353.9008,412.9483,177.05,131.17,145.54,173.3851,204.6739,204.6739,173.3851,1060.197512,0.02298675,2550.621176,14980.5695,98743.7549,1850183.952,1808.656524,0.067587962,719145.31,307.012203,3.55719E-05,262.0491,151.94,250.1444,158.7096,12.7339,0.4099,0.2499,0.5211,2.4811,0.4099,0.2499,0.5211,2.4811,233444.5227,712322.7651,7.21508431,19368.77048,113.0195548,18870.99833,2648.590051,40.00802693,1.27439E-07,1.16709E-11,0.036429316,3.325550088,1.839684114,0.75431875,173.3851,204.6739,282.0475,66.2299,39.6656,32.5979,43.5616,330.2475,413.5796,159.2259,108.8499,57.3675,59.4564,55.2331,421.6744,152.0224,49.6171,39.1136,6759.687945,6759.687945,8047.50233,1054.2475,62.5811,46.8284,280,"Y. Qiao, X. Guo, Y. Zeng, Study of the effects of Zr addition on the microstructure and properties of Nb-Ti-Si based ultrahigh temperature alloys, Intermetallics 88 (2017) 19-27."
alloy23,54,16,22,3,3,0,0,0,0,2,0,4.55,1.6457,13.072,-35.0112,10.3733,-59.10267059,2322.45,776.98,6.317482,1.3746,361.0321,86.0473,9.722,0.688107537,0.109750297,30.43,80.77,38.23,88.57,67.77930896,1.6457,675.834,1436.453,2650.394,4603.848,73.28,1.22941,3797.2,17.28955,0.050179,219.6,59.15,55.07,58.73,6.65,4.55,1.43,0.37,2.75,13.45,0.57,5.63,7.25,2322.3041,4257.6,6.33804,550.325,28.1285,605.0314,68.131,5.54516,200.0001602,0.00000721,0.43298,23.61168,10.723937,6.1235,30.43,38.23,57.6,58.26,22.19,21.88,47.54,36.88,64.56,66.88,48.48,13.9,14.86,15.34,151,137,118.64,110.6,361.2265,361.2265,399.3899,173.66,129.04,143.35,142.4451,201.8371,201.8371,142.4451,802.588559,0.01708651,2944.729644,33093.11889,107757.3924,10291624.35,1694.1958,0.062869722,3753608.16,11262.26615,0.112713552,261.64,167.5475,268.2451,176.5571,13.6875,0.4075,0.2451,0.5531,2.7075,0.4075,0.2451,0.5531,2.7075,253829.5944,722901.52,6.717604738,20619.31088,111.8875628,20102.49983,2537.635139,40.05910073,1959999.936,1.15939E-11,0.04297706,6.476789318,1.476099537,0.74692275,142.4451,201.8371,281.88,44.5524,46.4739,38.1856,70.9684,343.1656,381.3464,67.3856,83.8296,58.67,57.8604,54.0844,486.18,189.24,79.8504,59.08,7392.112277,7392.112277,7507.121499,1194.2244,90.0184,59.5075,194,"Z. Li, L. Luo, B. Wang, B. Su, L. Wang, Y. Su, J. Guo, H. Fu, The microstructural characteristics and mechanical properties of Nb-16Si-22Ti-2Al-2Cr alloys with Zr addition, Mater. Sci. Eng., A 880 (2023) 145305."
alloy24,52,16,22,3,3,2,0,0,0,2,0,4.53,1.6397,13.928,-35.2232,11.0845,-60.91008777,2317.37,773.91,6.446147,1.3776,360.8241,86.1344,9.905,0.729260481,0.112981451,31.05,80.39,38.61,87.95,69.49098156,1.6397,675.962,1437.653,2647.074,4594.168,71.558,1.22135,3787.8,19.34655,0.050571,218.9,59.09,55.01,58.69,6.63,4.53,1.45,0.37,2.71,13.47,0.55,5.63,7.29,2317.4241,4254.78,6.43284,548.225,28.0945,602.7394,67.517,5.47716,200.0001602,0.000007182,0.43056,23.63428,10.775321,6.1135,31.05,38.61,57.14,57.68,22.49,22.18,47.66,37,63.98,65.84,49.32,14.2,15.22,15.52,151.22,137.1,118.7,110.72,361.0113,361.0113,402.8841,173.86,129.24,143.61,174.3875,217.8579,217.8579,174.3875,1032.168494,0.01939891,2939.456556,33028.19169,109853.8661,10313714.26,1795.342636,0.065543708,3763901.16,11403.19924,0.112682055,272.49,168.4619,269.2699,177.1739,13.7731,0.4091,0.2475,0.5531,2.6859,0.4091,0.2475,0.5531,2.6859,250822.188,719008.1716,7.581149314,20290.76588,112.0345448,19773.3017,2573.829211,40.12861849,1959999.936,1.16273E-11,0.044077046,6.546488622,1.617505324,0.75429275,174.3875,217.8579,304.7604,62.4976,48.9699,40.8676,72.2644,347.74,417.0396,126.3744,107.5176,60.14,60.7116,58.0696,494.2716,191.73,80.79,61.0816,7407.649243,7407.649243,7623.25473,1205.9204,93.9624,64.1979,291.8,"Z. Li, L. Luo, B. Wang, B. Su, L. Wang, Y. Su, J. Guo, H. Fu, The microstructural characteristics and mechanical properties of Nb-16Si-22Ti-2Al-2Cr alloys with Zr addition, Mater. Sci. Eng., A 880 (2023) 145305."
alloy25,50,16,22,3,3,4,0,0,0,2,0,4.51,1.6337,14.71,-35.448,11.5588,-62.17529765,2312.29,770.77,6.573591,1.3806,360.6161,86.221,10.0785,0.753986054,0.113794415,31.67,80.01,38.99,87.33,71.20265416,1.6337,676.09,1438.853,2643.754,4584.488,69.836,1.21329,3778.4,21.40355,0.050963,218.2,59.03,54.95,58.65,6.61,4.51,1.47,0.37,2.67,13.49,0.53,5.63,7.33,2312.5441,4251.96,6.52764,546.125,28.0605,600.4474,66.903,5.40916,200.0001602,0.000007154,0.42814,23.65688,10.826705,6.1035,31.67,38.99,56.68,57.1,22.79,22.48,47.78,37.12,63.4,64.8,50.16,14.5,15.58,15.7,151.44,137.2,118.76,110.84,360.7961,360.7961,406.3783,174.06,129.44,143.87,205.5611,233.5899,233.5899,205.5611,1255.888783,0.02163931,2934.1507,32960.38449,111928.2951,10335616.77,1890.558904,0.068087766,3774017.44,11535.66984,0.112650251,282.36,169.3691,270.2875,177.7875,13.8579,0.4099,0.2491,0.5531,2.6611,0.4099,0.2491,0.5531,2.6611,247767.1528,715098.9184,8.42671981,19953.40088,112.1792148,19433.59705,2609.269291,40.18888825,1959999.936,1.16591E-11,0.04516532,6.615166406,1.753630481,0.76146275,205.5611,233.5899,327.2176,79.77,51.2859,43.3696,73.5316,352.2856,452.06,183.2,129.7944,61.43,63.3036,61.99,502.2664,194.2,81.7224,63.0544,7423.093588,7423.093588,7714.969094,1217.5364,97.8264,68.7531,413,"Z. Li, L. Luo, B. Wang, B. Su, L. Wang, Y. Su, J. Guo, H. Fu, The microstructural characteristics and mechanical properties of Nb-16Si-22Ti-2Al-2Cr alloys with Zr addition, Mater. Sci. Eng., A 880 (2023) 145305."
alloy26,46,16,22,3,3,8,0,0,0,2,0,4.47,1.6217,16.095,-35.936,12.2566,-64.15228656,2302.13,764.28,6.824886,1.3865,360.2001,86.3925,10.3992,0.785181616,0.113336593,32.91,79.25,39.75,86.09,74.62599936,1.6217,676.346,1441.253,2637.114,4565.128,66.392,1.19717,3759.6,25.51755,0.051747,216.8,58.91,54.83,58.57,6.57,4.47,1.51,0.37,2.59,13.53,0.49,5.63,7.41,2302.7841,4246.32,6.71724,541.925,27.9925,595.8634,65.675,5.27316,200.0001602,0.000007098,0.4233,23.70208,10.929473,6.0835,32.91,39.75,55.76,55.94,23.39,23.08,48.02,37.36,62.24,62.72,51.84,15.1,16.3,16.06,151.88,137.4,118.88,111.08,360.3657,360.3657,413.3667,174.46,129.84,144.39,265.6019,264.1875,264.1875,265.6019,1685.750423,0.02590411,2923.440684,32816.13009,116011.0186,10378859.58,2063.199736,0.072786101,3793719.84,11775.22353,0.112585719,299.16,171.1619,272.3011,179.0051,14.0251,0.4091,0.2499,0.5531,2.6019,0.4091,0.2499,0.5531,2.6019,241514.196,707232.6976,10.06393856,19252.21088,112.4616188,18722.66815,2677.887475,40.28168377,1959999.936,1.1718E-11,0.04730673,6.749457414,2.010038902,0.77520275,265.6019,264.1875,370.8624,112.2964,55.3779,47.8336,75.9796,361.2904,520.0824,290.3616,170.1144,63.47,67.71,69.6364,517.9656,199.08,83.5656,66.9136,7453.704411,7453.704411,7825.14122,1240.5284,105.3144,77.4579,192.6,"Z. Li, L. Luo, B. Wang, B. Su, L. Wang, Y. Su, J. Guo, H. Fu, The microstructural characteristics and mechanical properties of Nb-16Si-22Ti-2Al-2Cr alloys with Zr addition, Mater. Sci. Eng., A 880 (2023) 145305."
alloy27,66,12,22,0,0,0,0,0,0,0,0,4.66,1.6228,10.522,-23.5488,7.1648,-41.06394173,2444.61,704.69,6.87657,1.4031,347.9148,73.4589,6.6521,0.743780648,0.161914795,33.58,76.94,42.06,85.42,75.2191442,1.6228,669.702,1388.208,2565.902,3883.512,74.53,1.2287,3471.6,2.12092,0.001256,221.06,56.4,51.7,55.74,5.86,4.66,1.34,0.24,3.08,13.34,0.66,5.76,6.92,2444.46,4475.18,6.92734,587.732,27.896,641.84,58.14,4.97212,0.000120187,0.000007022,0.3754,24.12388,10.93816,6.06,33.58,42.06,53.22,58.7,20.7,20.46,49.2,41.66,59.6,66.68,46.08,12.06,13.06,17.22,156.76,140.86,121.08,112.56,348.1524,348.1524,386.3158,182.72,131.52,145.26,111.8436,147.5364,147.5364,111.8436,637.6591115,0.01107216,1867.648596,5678.606736,69658.8886,67857.43906,1492.5801,0.05159517,292369.44,4.564055074,2.79206E-06,206.9364,112.2,183.81,116.9124,9.2004,0.2244,0.2244,0.4224,1.9536,0.2244,0.2244,0.4224,1.9536,186227.4084,581498.1876,5.605933304,16647.74338,80.851584,16172.5344,1292.61,6.280422826,1.05555E-07,2.94532E-12,0.026433,2.597348266,0.177772214,0.0264,111.8436,147.5364,206.0916,28.05,28.05,21.6084,26.4,274.7844,302.28,55.0176,54.7536,40.6164,40.6164,45.0516,288.1824,104.2404,37.5936,25.7664,5387.747154,5387.747154,6500.660592,781.2816,29.4096,7.3524,300.98,"Q. Huang, Y. Kang, J. Song, S. Qu, Y. Han, X. Guo, Effects of Ni, Co, B, and Ge on the microstructures and mechanical properties of Nb-Ti-Si ternary alloys, Met. Mater. Int. 20(3) (2014) 475-481."
alloy28,65.9,12,22,0,0,0,0,0,0,0.1,0,4.66,1.62324,10.604,-23.72378,7.2271,-41.38833009,2444.21,704.59,6.872973,1.4025,348.0908,73.6264,6.7832,0.74459256,0.15707057,33.544,76.982,42.018,85.456,75.13704783,1.62324,669.8505,1389.2551,2567.1457,3904.8378,74.4706,1.228586,3484.32,2.87977,0.0036556,220.997,56.433,51.733,55.774,5.868,4.658,1.341,0.241,3.076,13.342,0.659,5.759,6.924,2444.058,4474.436,6.92123,587.5565,27.8928,641.672,58.1137,4.96542,10.00012019,7.0207E-06,0.376161,24.110367,10.9317133,6.0633,33.544,42.018,53.268,58.681,20.726,20.485,49.16,41.619,59.639,66.686,46.109,12.076,13.074,17.2,156.68,140.798,121.033,112.517,348.328,348.328,386.4914,182.609,131.466,145.212,112.604064,148.631676,148.631676,112.604064,641.4880716,0.011245502,1884.451,6756.739534,70831.26526,514365.3145,1494.730416,0.051600789,454219.7376,578.367959,0.005751006,209.900991,113.063511,184.653711,117.812924,9.250576,0.227036,0.224719,0.422919,1.962224,0.227036,0.224719,0.422919,1.962224,186143.1966,581244.9419,5.623154767,16646.12676,80.86882816,16170.10042,1293.534542,6.302114344,99899.9976,2.94628E-12,0.026843513,2.766899214,0.220543318,0.03688311,112.604064,148.631676,207.508176,28.475239,28.636924,22.159775,27.9344,275.533839,302.894679,55.021404,55.357119,40.774224,40.726524,45.26,293.4176,107.319196,39.431911,27.317711,5412.317036,5412.317036,6511.827488,790.198119,32.054844,9.583056,438.39,"Q. Huang, Y. Kang, J. Song, S. Qu, Y. Han, X. Guo, Effects of Ni, Co, B, and Ge on the microstructures and mechanical properties of Nb-Ti-Si ternary alloys, Met. Mater. Int. 20(3) (2014) 475-481."
alloy29,65.5,12,22,0,0,0,0,0,0,0.5,0,4.65,1.625,10.925,-24.4194,7.4092,-42.51711192,2442.6,704.2,6.858547,1.4001,348.7946,74.2886,7.2837,0.741120254,0.13965845,33.4,77.15,41.85,85.6,74.80866235,1.625,670.4445,1393.4435,2572.1205,3990.141,74.233,1.22813,3535.2,5.91517,0.013254,220.745,56.565,51.865,55.91,5.9,4.65,1.345,0.245,3.06,13.35,0.655,5.755,6.94,2442.45,4471.46,6.89679,586.8545,27.88,641,58.0085,4.93862,50.00012019,7.0155E-06,0.379205,24.056315,10.9059265,6.0765,33.4,41.85,53.46,58.605,20.83,20.585,49,41.455,59.795,66.71,46.225,12.14,13.13,17.12,156.36,140.55,120.845,112.345,349.0304,349.0304,387.1938,182.165,131.25,145.02,115.62,152.9775,152.9775,115.62,656.6691157,0.011935,1951.21957,11047.34236,75489.83613,2291301.022,1503.261111,0.051623003,1098384.96,2862.066508,0.0286287,221.679975,116.495775,188.006775,121.3919,9.45,0.2375,0.225975,0.424975,1.9964,0.2375,0.225975,0.424975,1.9964,185803.1175,580220.8884,5.691293976,16639.04428,80.9376,16159.8,1297.218878,6.387982616,497499.988,2.95011E-12,0.028473983,3.441450986,0.390796534,0.07859775,115.62,152.9775,213.1284,30.168975,30.9711,24.352775,34.04,278.497975,305.322975,55.0359,57.754375,41.4004,41.1631,46.0856,314.2304,119.5575,46.740975,33.485975,5509.979856,5509.979856,6555.878364,825.617775,42.5775,18.4596,331.9,"Q. Huang, Y. Kang, J. Song, S. Qu, Y. Han, X. Guo, Effects of Ni, Co, B, and Ge on the microstructures and mechanical properties of Nb-Ti-Si ternary alloys, Met. Mater. Int. 20(3) (2014) 475-481."
alloy30,63,12,22,0,0,0,0,0,0,3,0,4.6,1.636,12.69,-28.6104,8.1795,-48.50744273,2432.55,701.59,6.76687,1.3849,353.1936,78.1568,9.8373,0.695447904,0.084523004,32.5,78.2,40.8,86.5,72.7562531,1.636,674.157,1419.621,2603.213,4523.286,72.748,1.22528,3853.2,24.88642,0.073244,219.17,57.39,52.69,56.76,6.1,4.6,1.37,0.27,2.96,13.4,0.63,5.73,7.04,2432.4,4452.86,6.74404,582.467,27.8,636.8,57.351,4.77112,300.0001202,0.000006983,0.39823,23.71849,10.744759,6.159,32.5,40.8,54.66,58.13,21.48,21.21,48,40.43,60.77,66.86,46.95,12.54,13.48,16.62,154.36,139,119.67,111.27,353.4204,353.4204,391.5838,179.39,129.9,143.82,133.53,178.86,178.86,133.53,746.664276,0.016104,2352.535251,37068.70666,103484.4815,13067426.62,1554.019896,0.051752422,5007113.76,16717.68878,0.167439681,292.4211,137.1579,208.1739,142.9224,10.65,0.3,0.2331,0.4371,2.1984,0.3,0.2331,0.4371,2.1984,183560.46,573419.2404,6.090098258,16572.44861,81.36,16074.96,1319.744499,6.892114066,2909999.928,2.97281E-12,0.038244557,7.52501371,1.424748177,0.331419,133.53,178.86,246.5844,40.4931,45.0696,37.6059,71.04,295.8051,319.3971,55.1004,72.1275,45.1284,43.7496,50.9556,439.6704,193.26,90.8211,70.6971,6098.016844,6098.016844,6808.8407,1038.0579,106.23,72.2676,289.63,"Q. Huang, Y. Kang, J. Song, S. Qu, Y. Han, X. Guo, Effects of Ni, Co, B, and Ge on the microstructures and mechanical properties of Nb-Ti-Si ternary alloys, Met. Mater. Int. 20(3) (2014) 475-481."
alloy31,49,16,20,3,6,2,0,0,0,0,4,4.62,1.6351,12.627,-32.46,12.019,-60.12545439,2301.81,766.44,6.460176,1.3792,355.7513,84.4809,8.2108,0.852293727,0.17827785,30.92,80.5,38.5,88.08,69.12779346,1.6351,672.834,1425.793,2651.16,4221.69,72.242,1.21934,3637.2,4.28545,0.002666,220.86,58.57,54.5,58.26,6.52,4.62,1.45,0.35,2.82,13.38,0.55,5.65,7.18,2301.8641,4181.93,6.4965,537.943,27.7725,592.5338,68.965,5.66316,0.000160176,0.000007154,0.42466,23.86944,10.700232,6.1625,30.92,38.5,57.03,58.71,22.19,21.9,48.79,36.57,64.4,66.62,49.14,14.13,15.19,15.37,151.71,137.29,118.86,110.95,355.9277,355.9277,394.3311,174.48,129.43,143.53,160.2736,198.07,198.07,160.2736,960.3125497,0.01594299,2637.086844,13604.94305,92531.4652,1799437.786,1685.623236,0.064361044,817454.16,207.6517249,3.25494E-05,204.3604,152.8251,254.19,160.5124,12.8496,0.4156,0.2475,0.5475,2.6276,0.4156,0.2475,0.5475,2.6276,243403.1724,752785.3251,7.07159455,20897.44505,115.7485188,20363.35238,2567.301075,39.45711897,1.34344E-07,1.17735E-11,0.036104864,3.339369446,1.411368521,0.75046875,160.2736,198.07,275.9691,61.2259,38.0739,30.69,46.4259,331.3851,401.78,138.3356,96.4604,56.9531,58.3139,54.1131,401.8259,141.6659,49.9604,34.2675,7127.981416,7127.981416,7868.199486,1039.2496,49.8451,33.1891,446.23,"Y. Kang, S. Qu, J. Song, Q. Huang, Y. Han, Microstructure and mechanical properties of Nb–Ti–Si–Al–Hf–xCr–yV multi-element in situ composite, Mater. Sci. Eng., A 534 (2012) 323-328."
alloy32,51,16,20,3,6,2,0,0,0,0,2,4.62,1.6345,12.636,-32.48,11.5481,-59.19248752,2313.15,770.09,6.508158,1.3815,356.2921,84.2276,8.1861,0.822428803,0.172328237,31.28,80.14,38.86,87.72,69.96709086,1.6345,672.858,1425.113,2642.88,4205.55,72.952,1.22332,3615.6,4.20725,0.002608,220.86,58.55,54.52,58.22,6.52,4.62,1.43,0.35,2.84,13.38,0.57,5.65,7.16,2313.2041,4209.27,6.5457,542.343,27.9585,596.8838,69.425,5.69716,0.000160175,0.000007132,0.42018,23.86364,10.750304,6.1425,31.28,38.86,56.67,58.47,22.15,21.86,48.69,37.09,63.9,66.28,49,14.05,15.11,15.61,151.93,137.55,119.12,111.15,356.4757,356.4757,394.8791,175.02,129.67,143.77,160.9216,199.7404,199.7404,160.9216,964.3017182,0.01596675,2636.062236,13643.63913,92929.2364,1802992.46,1679.592496,0.063884798,800450.64,207.8302321,3.26407E-05,204.3604,153.0275,253.9096,160.9316,12.8496,0.4156,0.2451,0.5475,2.6544,0.4156,0.2451,0.5475,2.6544,247008.519,760325.6971,7.15217431,21160.18665,113.6223528,20620.36082,2542.465675,39.46866809,1.34344E-07,1.17424E-11,0.036511828,3.32917931,1.297598127,0.73656875,160.9216,199.7404,278.7411,59.1091,38.2475,30.8404,45.6739,334.6819,405.43,134.2216,97.46,57.4475,58.8179,54.3579,404.7651,143.2675,49.7056,34.2475,7084.687553,7084.687553,7782.815496,1049.7796,49.1011,31.4371,221.97,"R. Ma, X. Guo, Cooperative effects of Mo, V and Zr additions on the microstructure and properties of multi-elemental Nb-Si based alloys, J. Mater. Sci. Technol. 132 (2023) 27-41."
alloy33,52,16,20,3,3,2,0,0,0,0,4,4.59,1.6333,12.633,-32.2152,11.4112,-58.67674579,2318.91,771.78,6.50901,1.3846,356.9225,83.8433,8.0297,0.821399395,0.176983459,31.43,79.93,39.07,87.57,70.35510156,1.6333,672.81,1419.475,2634.03,4190.4,72.896,1.22321,3563.4,4.22695,0.002615,220.86,58.51,54.41,58.11,6.49,4.59,1.45,0.35,2.79,13.41,0.55,5.65,7.21,2318.9641,4244.12,6.5379,548.083,27.9465,602.5994,67.759,5.62716,0.000160177,0.000007226,0.41914,23.90694,10.808511,6.0875,31.43,39.07,56.52,58.32,22.07,21.78,48.58,37.32,63.68,66.08,48.9,13.98,15.04,15.7,152.46,138.04,119.28,111.34,357.1097,357.1097,395.5131,175.44,129.88,144.07,161.6251,200.0251,200.0251,161.6251,966.9640379,0.01595811,2638.0623,12813.09548,90513.3799,1798470.612,1689.064584,0.064169286,653662.44,207.9010753,3.26913E-05,204.3604,153.3699,255.0819,161.6179,12.9099,0.3619,0.2475,0.5475,2.5259,0.3619,0.2475,0.5475,2.5259,248690.0101,723863.8656,7.18443439,20248.22141,114.3706128,19712.57913,2554.184619,39.33797049,1.34343E-07,1.16165E-11,0.03682136,3.345880196,1.039317221,0.58171875,161.6251,200.0251,280.3296,57.3376,38.3451,30.8916,44.4036,336.7176,407.5976,131.1536,97.91,57.7196,59.0984,54.75,400.9484,136.9184,49.0616,32.9844,7019.666009,7019.666009,7669.098441,1052.7664,47.0056,25.8451,446.23,"R. Ma, X. Guo, Cooperative effects of Mo, V and Zr additions on the microstructure and properties of multi-elemental Nb-Si based alloys, J. Mater. Sci. Technol. 132 (2023) 27-41."
alloy34,54,16,20,3,3,2,0,0,0,0,2,4.59,1.6327,12.641,-32.2208,10.9305,-57.69159763,2330.25,775,6.556288,1.3868,357.4633,83.5805,7.9973,0.790507921,0.170904404,31.79,79.57,39.43,87.21,71.19439896,1.6327,672.834,1418.795,2625.75,4174.26,73.606,1.22719,3541.8,4.14875,0.002557,220.86,58.49,54.43,58.07,6.49,4.59,1.43,0.35,2.81,13.41,0.57,5.65,7.19,2330.3041,4271.46,6.5871,552.483,28.1325,606.9494,68.219,5.66116,0.000160176,0.000007204,0.41466,23.90114,10.858583,6.0675,31.79,39.43,56.16,58.08,22.03,21.74,48.48,37.84,63.18,65.74,48.76,13.9,14.96,15.94,152.68,138.3,119.54,111.54,357.6577,357.6577,396.0611,175.98,130.12,144.31,161.9059,201.2851,201.2851,161.9059,968.8930535,0.01597971,2637.038844,12843.19908,90627.4783,1801015.244,1682.105164,0.063662234,633470.76,208.0704331,3.27767E-05,204.3604,153.5699,254.8051,162.0251,12.9099,0.3619,0.2451,0.5475,2.5539,0.3619,0.2451,0.5475,2.5539,251907.5288,728003.6884,7.26094039,20421.73101,112.1797188,19882.01685,2530.458739,39.35196761,1.34344E-07,1.15886E-11,0.037178864,3.33612506,0.914703335,0.56481875,161.9059,201.2851,282.7344,55.0336,38.5091,31.0324,43.6096,339.2344,410.5276,126.6724,98.8424,58.19,59.5784,54.8364,403.5576,138.13,48.5884,32.8084,6975.076674,6975.076674,7582.41898,1062.2596,46.0456,23.8339,229.31,"R. Ma, X. Guo, Cooperative effects of Mo, V and Zr additions on the microstructure and properties of multi-elemental Nb-Si based alloys, J. Mater. Sci. Technol. 132 (2023) 27-41."
